Phase,Task,Status,Estimated Hours,Dependencies,Notes,Category
Phase 1A Gap,Implement CompanyDirectory state provider,Not Started,2,Next.js setup,Global state for directory data,Infrastructure
Phase 1A Gap,Implement useCompanyDirectory hook,Not Started,2,State provider,Custom hook for accessing directory state,Infrastructure
Phase 1A Gap,Create API client for user endpoints,Not Started,2,API routes exist,Centralized API calls for users,Infrastructure
Phase 1A Gap,Create API client for company endpoints,Not Started,2,API routes exist,Centralized API calls for companies,Infrastructure
Phase 1A Gap,Implement error boundary for directory,Not Started,1,Error.tsx,Error handling component,Infrastructure
Phase 1A Gap,Implement loading skeleton components,Not Started,3,Components exist,Loading state UI for all views,UI/UX
Phase 1A Gap,Implement toast notifications system,Not Started,2,All CRUD operations,Success/error notifications,Infrastructure
Phase 1A Gap,Implement form validation utilities,Not Started,3,All forms,Shared validation logic,Infrastructure
Phase 1A Gap,Implement pagination hook,Not Started,2,List views,Reusable pagination logic,Infrastructure
Phase 1A Gap,Implement search/filter utilities,Not Started,2,List views,Shared search/filter logic,Infrastructure
Phase 1A Gap,Integrate UsersListView with page.tsx,Not Started,2,UsersListView component done,Wire up to actual page,Integration
Phase 1A Gap,Add table sorting functionality to UsersListView,Not Started,2,UsersListView component,Sort by column headers,Feature Enhancement
Phase 1A Gap,Add responsive mobile layout for users list,Not Started,3,UsersListView component,Mobile optimization,UI/UX
Phase 1B Gap,Create API client for distribution group endpoints,Not Started,2,API routes exist,Centralized API calls,Infrastructure
Phase 1B Gap,Integrate CompaniesListView with page.tsx,Not Started,2,CompaniesListView component done,Wire up to actual page,Integration
Phase 1B Gap,Integrate CompanyDetailView with page.tsx,Not Started,2,CompanyDetailView component done,Wire up to actual page,Integration
Phase 1B Gap,Integrate DistributionGroupsListView with page.tsx,Not Started,2,DistributionGroupsListView component done,Wire up to actual page,Integration
Phase 1B Gap,Add table sorting for companies list,Not Started,2,CompaniesListView component,Sort by column headers,Feature Enhancement
Phase 1B Gap,Add table sorting for distribution groups,Not Started,2,DistributionGroupsListView component,Sort by column headers,Feature Enhancement
Phase 1B Gap,Add responsive mobile layout for companies,Not Started,3,CompaniesListView component,Mobile optimization,UI/UX
Phase 1B Gap,Add responsive mobile layout for distribution groups,Not Started,3,DistributionGroupsListView component,Mobile optimization,UI/UX
Phase 1B Gap,Implement empty state components,Not Started,2,All list views,No results UI,UI/UX
Phase 1B Gap,Implement confirmation dialogs for delete actions,Not Started,2,All delete operations,Prevent accidental deletion,Infrastructure
Phase 1B Gap,Add bulk select functionality to lists,Not Started,3,All list views,Multi-select for bulk operations,Feature Enhancement
Phase 1B Gap,Implement permission level descriptions/help text,Not Started,2,UserPermissionsGrid component,Explain each permission level,UI/UX
Phase 1B Gap,Implement notification preference helper text,Not Started,2,Notification components,Explain each preference,UI/UX
Phase 1C Gap,Create API client for bidder info endpoints,Not Started,2,API routes exist,Centralized API calls,Infrastructure
Phase 1C Gap,Create API client for change history endpoints,Not Started,2,API routes exist,Centralized API calls,Infrastructure
Phase 1C Gap,Integrate CompanyBidderInfoView with company detail page,Not Started,2,CompanyBidderInfoView component,Wire up to page,Integration
Phase 1C Gap,Integrate ChangeHistoryView with company detail page,Not Started,2,ChangeHistoryView component,Wire up to page,Integration
Phase 1C Gap,Integrate AuditTrailView into admin/audit section,Not Started,2,AuditTrailView component,Wire up to page,Integration
Phase 1C Gap,Implement timeline visualization for change history,Not Started,3,ChangeHistoryView component,Visual timeline display,Feature Enhancement
Phase 1C Gap,Implement date range picker for history filtering,Not Started,2,History components,Date range selection,UI/UX
Phase 1C Gap,Add export change history to CSV,Not Started,2,Change history endpoints,Export functionality,Feature Enhancement
Phase 1C Gap,Add export audit trail to CSV,Not Started,2,Audit trail endpoints,Export functionality,Feature Enhancement
Phase 1C Gap,Implement license expiration warning badges,Not Started,2,CompanyBidderInfoView,Visual warnings for expiring licenses,UI/UX
Phase 1C Gap,Implement certification expiration warning badges,Not Started,2,CompanyBidderInfoView,Visual warnings for expiring certs,UI/UX
Phase 1C Gap,Implement insurance coverage expiration warnings,Not Started,2,CompanyBidderInfoView,Visual warnings for expiring insurance,UI/UX
Cross-Phase Gap,Implement breadcrumb navigation,Not Started,2,All pages,Navigation helper,UI/UX
Cross-Phase Gap,Implement keyboard shortcuts,Not Started,3,All pages,Accessibility enhancement,Feature Enhancement
Cross-Phase Gap,Implement dark mode support,Not Started,4,All components,Theme support,Feature Enhancement
Cross-Phase Gap,Implement accessibility (WCAG 2.1) compliance,Not Started,6,All components,A11y audit and fixes,Quality Assurance
Cross-Phase Gap,Implement component storybook documentation,Not Started,4,All components,Storybook stories for each component,Documentation
Cross-Phase Gap,Create user documentation/help guides,Not Started,5,All features,In-app help content,Documentation
Cross-Phase Gap,Implement analytics tracking,Not Started,3,All pages,Track user actions,Analytics
Cross-Phase Gap,Implement performance monitoring,Not Started,3,All pages,Monitor page load times,Performance
Cross-Phase Gap,Optimize images and assets,Not Started,2,All UI,Image optimization,Performance
Cross-Phase Gap,Implement caching strategy for API calls,Not Started,3,All API clients,Cache management,Performance
Cross-Phase Gap,Implement infinite scroll or cursor pagination,Not Started,3,Large lists,Pagination optimization,Performance
Cross-Phase Gap,Create integration tests between pages and components,Not Started,5,All implementations,End-to-end workflow tests,Quality Assurance
Cross-Phase Gap,Create E2E Playwright tests for critical workflows,Not Started,6,All implementations,Automated browser testing,Quality Assurance
Cross-Phase Gap,Set up continuous integration pipeline,Not Started,4,All tests,CI/CD setup,DevOps
Cross-Phase Gap,Set up error logging and monitoring,Not Started,3,Error handling,Error tracking service,DevOps
Cross-Phase Gap,Create deployment documentation,Not Started,2,All implementations,Deployment guide,Documentation
Cross-Phase Gap,Create API documentation (Swagger/OpenAPI),Not Started,3,All API routes,Interactive API docs,Documentation
Cross-Phase Gap,Implement rate limiting on API endpoints,Not Started,2,API routes,Prevent abuse,Security
Cross-Phase Gap,Implement request logging middleware,Not Started,2,API routes,Log all requests,Monitoring
Cross-Phase Gap,Implement CORS configuration,Not Started,1,API routes,Cross-origin handling,Security
Cross-Phase Gap,Implement input sanitization,Not Started,2,All forms,XSS prevention,Security
Cross-Phase Gap,Create security audit checklist,Not Started,3,All code,Security review,Security